{"cameraMode":{"drawMode":0,"name":"Shaded","section":"Shading Mode"},"sceneLighting":false,"audioPlay":false,"sceneViewState":{"showFog":true,"showMaterialUpdate":false,"showSkybox":false,"showFlares":true,"showImageEffects":true,"showParticleSystems":true},"in2DMode":false,"pivot":{"x":0.6226668357849121,"y":-3.593773603439331,"z":11.112966537475586},"rotation":{"x":0.002490090671926737,"y":0.9884119629859924,"z":0.15090055763721467,"w":-0.016310276463627816},"size":5.342552185058594,"orthographic":true}