{"cameraMode":{"drawMode":0,"name":"Shaded","section":"Shading Mode"},"sceneLighting":false,"audioPlay":false,"sceneViewState":{"showFog":true,"showMaterialUpdate":false,"showSkybox":false,"showFlares":true,"showImageEffects":true,"showParticleSystems":true},"in2DMode":false,"pivot":{"x":7.060359954833984,"y":-7.454285621643066,"z":-15.491432189941407},"rotation":{"x":-0.04770706221461296,"y":-0.9522973299026489,"z":0.2149529904127121,"w":-0.21134144067764283},"size":12.48427677154541,"orthographic":false}